SHA1,SHA256,
c26cfb9f9910fe585630940a777022702257548d,,CVE-2023-38831
,186b26df63df3b7334043b47659cba4185c948629d857d47452cc1936f0aa5da,
,a6df0b49a5ef9ffd6513bfe061fb60f6d2941a440038e2de8a7aeb1914945331,
,6ba5d96e52734cbb9246bcc3decf127f780d48fa11587a1a44880c1f04404d23,
,de730d969854c3697fd0e0803826b4222f3a14efe47e4c60ed749fff6edce19d,
,18b8e6762afd29a09becae283083c74a19fc09db1f2c3412c42f1b0178bc122a,
,a14506c6fb92a5af88a6a44d273edafe10d69ee3d85c8b2a7ac458a22edf68d2,
,7142bff8d40f56b9e2e8eaf2d626d54ef6533e6d2f29242ecc90c98aef1a6955,
,9c5b233efb2e2a92a65b5ee31787281dd043a342c80c7ac567ccf43be2f2843f,
,d0c1662ce239e4d288048c0e3324ec52962f6ddda77da0cb7af9c1d9c2f1e2eb,
,b5268f32fb72dfcfc1109c4a305d3a4bac11a5815123659cd345b24dee0854eb,
,bed33c3732307e19e9a702e7ff179180a7891b92cb879a5b758021eefc68a99b,
,45126297c07c6ef56b51440cd0dc30acf7b3b938e2e9e656334886fe2f81f220,
,ec8252a333f68865160e26dc95607f2c49af00f78c657f7f8417ab9d86e90bf7,
,b3dedd5b23ec269f32544d2be636d053234a673e5b662f94d75f3c61500c8b06,
,66dfbf1afd469feb67e47edd984c5010fdf68fbf4fdce20f04edd4ffcd4cae33,
,648a5d7064cdf2a86f465ea6b318d0b1ceac905f77c438dac2778a001b50647c,
,a8a7fdbbc688029c0d97bf836da9ece926a85e78986d0e1ebd9b3467b3a72258,
,26d5748ffe6bd95e3fee6ce184d388a1a681006dc23a0f08d53c083c593c193b,
,d7e11b178fcc3d1ee7f6ad3dce6da2ea043de64d521cf3578fb09031cbdb0ae2,
,47204338f0e092057024c9186f228c02417e917777f3e841d52b58251a956a74,
,48087149b5404e8b3945f8b4b0d581390c19cad10624bf9bad754fec82f69f28,
,64c154ab8d7962fc7beeb2eb8b3893bbfb0badefc96eaafcfd0a9adc17720bff,
,dbde2858580ec4f3484e91a42483cccdee2d243a5bb66a190f7363b129c02751,
,1c73160acc17f8c2b996b91e3f34578b7964223bb3ac76fbc586af2d550f070c,
,76491df69a26019139ac11117cd21bf5d0257a5ebd3d67837f558c8c9c3483d8,
,746475f67cd3456551c5cd9c6205c9754b2aef17472af1b40d41904df2337a2b,
,18b967bd7a44f60521dd123dea0daf278572089b558b2e5632a6c06d9aad4529,
,9b42decb7ea825b939fc36ab924e0c80324e0a4eccb4c371eac60a8672af9603,
,643061ac0b51f8c77f2ed202dc91afb9879f796ddd974489209d45f84f644562,
,a2df5477cf924bd41241a3326060cc2f913aff2379858b148ddec455e4da67bc,
,5e1e3bf6999126ae4aa52146280fdb913912632e8bac4f54e98c58821a307d32,
,8317ff6416af8ab6eb35df3529689671a700fdb61a5e6436f4d6ea8ee002d694,
,131da83b521f610819141d5c740313ce46578374abb22ef504a7593955a65f07,
,95477703e789e6182096a09bc98853e0a70b680a4f19fa2bf86cbb9280e8ec5a,
,18051333e658c4816ff3576a2e9d97fe2a1196ac0ea5ed9ba386c46defafdb88,
,e1321a4b2b104f31aceaf4b19c5559e40ba35b73a754d3ae13d8e90c53146c0f,
,0b5b31af5956158bfbd14f6cbf4f1bca23c5d16a40dbf3758f3289146c565f43,
,74f497088b49b745e6377b32ed5d9dfaef3c84c7c0bb50fabf30363ad2e0bfb1,
,40221e1c2e0c09bc6104548ee847b6ec790413d6ece06ad675fff87e5b8dc1d5,
,5ea65e2bb9d245913ad69ce90e3bd9647eb16d992301145372565486c77568a2,
,7f731cc11f8e4d249142e99a44b9da7a48505ce32c4ee4881041beeddb3760be,
,3298d203c2acb68c474e5fdad8379181890b4403d6491c523c13730129be3f75,
,9585af44c3ff8fd921c713680b0c2b3bbc9d56add848ed62164f7c9b9f23d065,
,ffd9f58e5fe8502249c67cad0123ceeeaa6e9f69b4ec9f9e21511809849eb8fc,
,9f393516edf6b8e011df6ee991758480c5b99a0efbfd68347786061f0e04426c,
,1b60097bf1ccb15a952e5bcc3522cf5c162da68c381a76abc2d5985659e4d386,
,dcfa2800754e5722acf94987bb03e814edcb9acebda37df6da1987bf48e5b05e,
,0ee1d284ed663073872012c7bde7fac5ca1121403f1a5d2d5411317df282796c,
,d2fd0654710c27dcf37b6c1437880020824e161dd0bf28e3a133ed777242a0ca,
,c9c94ac5e1991a7db42c7973e328fceeb6f163d9f644031bdfd4123c7b3898b0,
,2f629395fdfa11e713ea8bf11d40f6f240acf2f5fcf9a2ac50b6f7fbc7521c83,
,fef09b0aa37cbdb6a8f60a6bd8b473a7e5bffdc7fd2e952444f781574abccf64,
,3d2b58ef6df743ce58669d7387ff94740ceb0122c4fc1c4ffd81af00e72e60a4,
,6f9d50bab16b2532f4683eeb76bd25449d83bdd6c85bf0b05f716a4b49584f84,
,0d700ca5f6cc093de4abba9410480ee7a8870d5e8fe86c9ce103eec3872f225f,
,03aa12ac2884251aa24bf0ccd854047de403591a8537e6aba19e822807e06a45,
,2e88e55cc8ee364bf90e7a51671366efb3dac3e9468005b044164ba0f1624422,
,0c0e0f9b09b80d87ebc88e2870907b6cacb4cd7703584baf8f2be1fd9438696d,
,dfe6fddc67bdc93b9947430b966da2877fda094edf3e21e6f0ba98a84bc53198,
,ef691a7d4c160dcb00c491b6e58188d62974dcc9357c4bc067af03920b89ac7e,
,7b295a10d54c870d59fab3a83a8b983282f6250a0be9df581334eb93d53f3488,
,b7bbfb66338a3413f981561115bd8ef8a4014479bcc320de563499cfc73a3de2,
,2727c73f3069457e9ad2197b3cda25aec864a2ab8da3c2790264d06e13d45c3d,
,dc5a18d375d86d7974786896182bf828734a24331905cf7663ff9b202cd41c9b,
,e5c8888f51369c2105d47a4998ad9b4053471bd98b4fd73a854207da09206ee2,
,1d9544d087058210e84a0ad9650f99c71c85222d6b18e8ea89c6d2eb15ec7543,
,ffcddd8544bca0acde69f49abd1ea9dbee5f4eb73df51dd456b401c045a0b6af,
,08207409e1d789aea68419b04354184490ce46339be071c6c185c75ab9d08cba,
,2db4a15475f382e34875b37d7b27c3935c7567622141bc203fde7fe602bc8643,
,99c1cd740fa749a163ce8cdf93722191c4ba5d97de81576623a8bbcb622473d6,
,bcd47c556c97ab76f020860989c674108c1f54e277be395ba5b8f3dd89bebab1,
,f1f82d3b62f92f4fe8af320afea6c346210bb51774bb1567149e308469d40c92,
,78642603005f826a3b47effb852da980a6483ffb9461e30842020848305c9353,
,9fd1338920e1e43932073399d021ef0cebfeb140100dd6f13b9143b37093131d,
,678ec8734367c7547794a604cc65e74a0f42320d85a6dce20c214e3b4536bb33,
,d5558ec7979a96fe1ddcb1f33053a1ac3416a9b65d4f27b5cc9fd0a816296184,
,56f1014eb2d145c957f9bc0843f4e506735d7821e16355bcfbb6150b1b5f39db,
,77fe1619aa07d2ab169a2fa23feb22d7433bf07e856cda1402cf60205beddd7f,
,67afa125bf8812cd943abed2ed56ed6e07853600ad609b40bdf9ad4141e612b4,
,6270cef0c8cc45905556c40c9273391d71ef8d73c865d44d2254a8a4943ae5b4,
,3c92bfc71004340ebc00146ced294bc94f49f6a5e212016ac05e7d10fcb3312c,
,ee0a27f3de6f21463f8125dbfc95268ff995ef8ea464660d67cf9f77e240e1ab,
,ca651d0eb676923c3b29190f7941d8d2ac8f14e4ad6c26c466069bbc59df4d1d,
,58e9cd249d947f829a6021cf6ab16c2ca8e83317dbe07a294e2035bb904d0cf3,
,7d5da695e6f9a421e3d3a94e384ce00e8ec58fac5b895b4cba5b66a6de7fafd5,
,1b6af2fbbc636180dd7bae825486ccc45e42aefbb304d5f83fafca4d637c13cc,
,c9a1d8240147075cb7ffd8d568e6d3c517ac4cfdddccd5bb37857e7bde6d2eb7,
371A5B8BA86FBCAB80D4E0087D2AA0D8FFDDC70B,,CVE-2025-8088
D43F49E6A586658B5422EDC647075FFD405D6741,,
F77DBA76010A9988C9CEB8E420C96AEBC071B889,,
676086860055F6591FED303B4799C725F8466CF4,,
1F25E062E8E9A4F1792C3EAC6462694410F0F1CA,,
C94A6BD6EC88385E4E831B208FED2FA6FAED6666,,
01D32FE88ECDEA2B934A00805E138034BF85BF83,,
AE687BEF963CB30A3788E34CC18046F54C41FFBA,,
AB79081D0E26EA278D3D45DA247335A545D0512E,,
1AEA26A2E2A7711F89D06165E676E11769E2FD68,,